alpha,beta_1,beta_2,theta,gamma
0.1526925685074677,0.0675928055249594,-0.0986827994409109,0.4372135823649263,0.0210627841268673
